Date,Index,Return,Val,Percent
2021/06/04,17147.41,33171.89,-98.75,-0.57%
2021/06/03,17246.16,33362.92,81.12,0.47%
2021/06/02,17165.04,33203.21,2.66,0.02%
2021/06/01,17162.38,33198.07,93.95,0.55%
2021/05/31,17068.43,33015.96,197.57,1.17%
2021/05/28,16870.86,32633.48,269.25,1.62%
2021/05/27,16601.61,32111.73,-42.08,-0.25%
2021/05/26,16643.69,32193.12,48.02,0.29%
2021/05/25,16595.67,32100.23,257.38,1.58%
2021/05/24,16338.29,31602.39,36.23,0.22%
2021/05/21,16302.06,31532.31,259.7,1.62%
2021/05/20,16042.36,31029.99,-90.3,-0.56%
2021/05/19,16132.66,31204.65,-13.32,-0.08%
2021/05/18,16145.98,31230.42,792.09,5.16%
2021/05/17,15353.89,29698.31,-473.2,-2.99%
2021/05/14,15827.09,30613.44,156.99,1.00%
2021/05/13,15670.1,30309.78,-232.27,-1.46%
2021/05/12,15902.37,30759.05,-680.76,-4.11%
2021/05/11,16583.13,32075.5,-652.48,-3.79%
2021/05/10,17235.61,33337.53,-49.39,-0.29%
2021/05/07,17285,33433.07,290.64,1.71%
2021/05/06,16994.36,32870.9,150.92,0.90%
2021/05/05,16843.44,32579,-90.34,-0.53%
2021/05/04,16933.78,32753.72,-288.57,-1.68%
2021/05/03,17222.35,33311.88,-344.31,-1.96%
2021/04/29,17566.66,33977.86,-0.87,0.00%
2021/04/28,17567.53,33979.54,-28.37,-0.16%
2021/04/27,17595.9,34034.23,23.61,0.13%
2021/04/26,17572.29,33988.57,272.02,1.57%
2021/04/23,17300.27,33462.25,203.3,1.19%
2021/04/22,17096.97,33064.53,-105.14,-0.61%
2021/04/21,17202.11,33265.38,-121.76,-0.70%
2021/04/20,17323.87,33500.84,60.59,0.35%
2021/04/19,17263.28,33383.67,104.47,0.61%
2021/04/16,17158.81,33181.65,82.08,0.48%
2021/04/15,17076.73,33021.1,210.76,1.25%
2021/04/14,16865.97,32612.69,41.06,0.24%
2021/04/13,16824.91,32533.29,-34.79,-0.21%
2021/04/12,16859.7,32600.56,5.6,0.03%
2021/04/09,16854.1,32589.73,-72.34,-0.43%
2021/04/08,16926.44,32726.7,111.08,0.66%
2021/04/07,16815.36,32509.39,75.49,0.45%
2021/04/06,16739.87,32362.18,168.59,1.02%
2021/04/01,16571.28,32036.26,140.15,0.85%
2021/03/31,16431.13,31765.32,-123.77,-0.75%
2021/03/30,16554.9,32003.18,78.93,0.48%
2021/03/29,16475.97,31850.6,170.09,1.04%
2021/03/26,16305.88,31521.77,245.74,1.53%
2021/03/25,16060.14,31046.61,28.02,0.17%
2021/03/24,16032.12,30991.46,-145.47,-0.90%
2021/03/23,16177.59,31272.68,-11.63,-0.07%
2021/03/22,16189.22,31295.16,118.98,0.74%
2021/03/19,16070.24,31064.96,-217.6,-1.34%
2021/03/18,16287.84,31485.6,72.02,0.44%
2021/03/17,16215.82,31346.38,-97.34,-0.60%
2021/03/16,16313.16,31493.15,63.83,0.39%
2021/03/15,16249.33,31369.93,-5.85,-0.04%
2021/03/12,16255.18,31381.23,75.62,0.47%
2021/03/11,16179.56,31235.22,267.89,1.68%
2021/03/10,15911.67,30718.05,58.58,0.37%
2021/03/09,15853.09,30604.96,32.98,0.21%
2021/03/08,15820.11,30541.29,-35.12,-0.22%
2021/03/05,15855.23,30609.1,-51.18,-0.32%
2021/03/04,15906.41,30707.89,-305.32,-1.88%
2021/03/03,16211.73,31297.08,264.85,1.66%
2021/03/02,15946.88,30785.79,-6.92,-0.04%
2021/02/26,15953.8,30799.13,-498.38,-3.03%
2021/02/25,16452.18,31761.28,239.65,1.48%
2021/02/24,16212.53,31298.62,-230.87,-1.40%
2021/02/23,16443.4,31744.32,33.24,0.20%
2021/02/22,16410.16,31680.15,68.78,0.42%
2021/02/19,16341.38,31547.37,-83.13,-0.51%
2021/02/18,16424.51,31707.86,62.22,0.38%
2021/02/17,16362.29,31587.75,559.89,3.54%
2021/02/05,15802.4,30506.87,96.18,0.61%
2021/02/04,15706.22,30321.18,-65.1,-0.41%
2021/02/03,15771.32,30446.86,11.27,0.07%
2021/02/02,15760.05,30425.11,349.96,2.27%
2021/02/01,15410.09,29749.49,271.78,1.80%
2021/01/29,15138.31,29224.82,-277.57,-1.80%
2021/01/28,15415.88,29760.67,-285.57,-1.82%
2021/01/27,15701.45,30311.98,42.6,0.27%
2021/01/26,15658.85,30229.73,-287.69,-1.80%
2021/01/25,15946.54,30785.12,-72.49,-0.45%
2021/01/22,16019.03,30925.07,-134.74,-0.83%
2021/01/21,16153.77,31185.18,347.59,2.20%
2021/01/20,15806.18,30514.16,-71.19,-0.45%
2021/01/19,15877.37,30651.59,265.37,1.70%
2021/01/18,15612,30139.29,-4.39,-0.03%
2021/01/15,15616.39,30147.77,-90.8,-0.58%
2021/01/14,15707.19,30323.05,-62.79,-0.40%
2021/01/13,15769.98,30444.28,269.28,1.74%
2021/01/12,15500.7,29924.31,-56.6,-0.36%
2021/01/11,15557.3,30033.59,93.35,0.60%
2021/01/08,15463.95,29853.37,249.95,1.64%
2021/01/07,15214,29370.83,230.87,1.54%
2021/01/06,14983.13,28925.14,-16.9,-0.11%
2021/01/05,15000.03,28957.76,98,0.66%
2021/01/04,14902.03,28768.57,169.5,1.15%
2020/12/31,14732.53,28441.36,44.83,0.31%
2020/12/30,14687.7,28354.81,215.65,1.49%
2020/12/29,14472.05,27938.5,-11.02,-0.08%
2020/12/28,14483.07,27959.77,151.65,1.06%
2020/12/25,14331.42,27667,51.14,0.36%
2020/12/24,14280.28,27568.27,57.19,0.40%
2020/12/23,14223.09,27457.87,45.63,0.32%
2020/12/22,14177.46,27369.78,-207.5,-1.44%
2020/12/21,14384.96,27770.36,135,0.95%
2020/12/18,14249.96,27509.63,-8.97,-0.06%
2020/12/17,14258.93,27526.93,-45.53,-0.32%
2020/12/16,14304.46,27573.25,235.94,1.68%
2020/12/15,14068.52,27118.44,-142.53,-1.00%
2020/12/14,14211.05,27393.15,-50.64,-0.36%
2020/12/11,14261.69,27490.76,12.2,0.09%
2020/12/10,14249.49,27467.25,-140.65,-0.98%
2020/12/09,14390.14,27738.37,29.74,0.21%
2020/12/08,14360.4,27681.03,103.8,0.73%
2020/12/07,14256.6,27480.95,124.16,0.88%
2020/12/04,14132.44,27241.63,155.35,1.11%
2020/12/03,13977.09,26942.18,-12.05,-0.09%
2020/12/02,13989.14,26965.4,103.47,0.75%
2020/12/01,13885.67,26765.95,162.78,1.19%
2020/11/30,13722.89,26452.16,-144.2,-1.04%
2020/11/27,13867.09,26730.12,21.43,0.15%
2020/11/26,13845.66,26688.81,106.83,0.78%
2020/11/25,13738.83,26482.87,-68.3,-0.49%
2020/11/24,13807.13,26614.53,-70.88,-0.51%
2020/11/23,13878.01,26751.16,161.57,1.18%
2020/11/20,13716.44,26439.72,-5.99,-0.04%
2020/11/19,13722.43,26451.27,-50.86,-0.37%
2020/11/18,13773.29,26548.99,180.28,1.33%
2020/11/17,13593.01,26201.49,41.18,0.30%
2020/11/16,13551.83,26122.1,278.5,2.10%
2020/11/13,13273.33,25585.09,51.55,0.39%
2020/11/12,13221.78,25485.71,-40.41,-0.30%
2020/11/11,13262.19,25563.6,180.47,1.38%
2020/11/10,13081.72,25215.74,-45.75,-0.35%
2020/11/09,13127.47,25303.93,153.94,1.19%
2020/11/06,12973.53,25007.2,54.73,0.42%
2020/11/05,12918.8,24901.7,50.9,0.40%
2020/11/04,12867.9,24803.58,131.89,1.04%
2020/11/03,12736.01,24549.37,144.7,1.15%
2020/11/02,12591.31,24270.44,44.97,0.36%
2020/10/30,12546.34,24183.76,-116.57,-0.92%
2020/10/29,12662.91,24408.3,-130.84,-1.02%
2020/10/28,12793.75,24660.38,-81.26,-0.63%
2020/10/27,12875.01,24817.02,-34.02,-0.26%
2020/10/26,12909.03,24882.59,10.21,0.08%
2020/10/23,12898.82,24862.9,-18.21,-0.14%
2020/10/22,12917.03,24898,39.78,0.31%
2020/10/21,12877.25,24821.34,14.88,0.12%
2020/10/20,12862.37,24792.15,-45.97,-0.36%
2020/10/19,12908.34,24880.77,157.97,1.24%
2020/10/16,12750.37,24576.27,-77.45,-0.60%
2020/10/15,12827.82,24725.56,-91.49,-0.71%
2020/10/14,12919.31,24901.9,-27.82,-0.21%
2020/10/13,12947.13,24955.39,-8.78,-0.07%
2020/10/12,12955.91,24972.31,68.72,0.53%
2020/10/08,12887.19,24839.86,140.82,1.10%
2020/10/07,12746.37,24568.43,42.14,0.33%
2020/10/06,12704.23,24487.21,155.95,1.24%
2020/10/05,12548.28,24186.55,32.67,0.26%
2020/09/30,12515.61,24123.59,47.88,0.38%
2020/09/29,12467.73,24031.3,4.97,0.04%
2020/09/28,12462.76,24021.6,229.85,1.88%
2020/09/25,12232.91,23578.57,-31.47,-0.26%
2020/09/24,12264.38,23639.22,-319.5,-2.54%
2020/09/23,12583.88,24253.82,-61.63,-0.49%
2020/09/22,12645.51,24371.86,-149.61,-1.17%
2020/09/21,12795.12,24660.21,-80.5,-0.63%
2020/09/18,12875.62,24815.36,2.88,0.02%
2020/09/17,12872.74,24809.79,-104.02,-0.80%
2020/09/16,12976.76,24968.41,131.11,1.02%
2020/09/15,12845.65,24714.31,57.83,0.45%
2020/09/14,12787.82,24603.01,111.87,0.88%
2020/09/11,12675.95,24387.76,-15.8,-0.12%
2020/09/10,12691.75,24417.82,83.17,0.66%
2020/09/09,12608.58,24257.5,-54.98,-0.43%
2020/09/08,12663.56,24363.05,62.16,0.49%
2020/09/07,12601.4,24236.75,-36.55,-0.29%
2020/09/04,12637.95,24305.53,-120.02,-0.94%
2020/09/03,12757.97,24536.35,58.47,0.46%
2020/09/02,12699.5,24417.13,-3.78,-0.03%
2020/09/01,12703.28,24423.75,111.83,0.89%
2020/08/31,12591.45,24206.96,-137.4,-1.08%
2020/08/28,12728.85,24470.55,-68.46,-0.53%
2020/08/27,12797.31,24598.19,-35.98,-0.28%
2020/08/26,12833.29,24662.81,75.04,0.59%
2020/08/25,12758.25,24516.25,111.12,0.88%
2020/08/24,12647.13,24299.76,39.29,0.31%
2020/08/21,12607.84,24220.29,245.2,1.98%
2020/08/20,12362.64,23747.14,-416,-3.26%
2020/08/19,12778.64,24544.98,-93.5,-0.73%
2020/08/18,12872.14,24724.04,-83.97,-0.65%
2020/08/17,12956.11,24882.56,160.65,1.26%
2020/08/14,12795.46,24574,32.33,0.25%
2020/08/13,12763.13,24511.76,92.78,0.73%
2020/08/12,12670.35,24306.81,-109.84,-0.86%
2020/08/11,12780.19,24495.14,-113.81,-0.88%
2020/08/10,12894,24698.5,65.13,0.51%
2020/08/07,12828.87,24573.63,-84.63,-0.66%
2020/08/06,12913.5,24727.43,111.2,0.87%
2020/08/05,12802.3,24503.19,92.38,0.73%
2020/08/04,12709.92,24316.14,196.89,1.57%
2020/08/03,12513.03,23936.23,-151.77,-1.20%
2020/07/31,12664.8,24215.43,-58.12,-0.46%
2020/07/30,12722.92,24319.37,181.95,1.45%
2020/07/29,12540.97,23962.29,-45.76,-0.36%
2020/07/28,12586.73,24046.28,-1.57,-0.01%
2020/07/27,12588.3,24040.46,284.26,2.31%
2020/07/24,12304.04,23489.96,-109,-0.88%
2020/07/23,12413.04,23689.48,-60.23,-0.48%
2020/07/22,12473.27,23746.09,75.72,0.61%
2020/07/21,12397.55,23599.11,223.01,1.83%
2020/07/20,12174.54,23172.59,-7.02,-0.06%
2020/07/17,12181.56,23184.28,23.82,0.20%
2020/07/16,12157.74,23124.32,-45.11,-0.37%
2020/07/15,12202.85,23189.68,-6.16,-0.05%
2020/07/14,12209.01,23182.75,-2.55,-0.02%
2020/07/13,12211.56,23170.84,137.88,1.14%
2020/07/10,12073.68,22883.01,-119.01,-0.98%
2020/07/09,12192.69,23105.57,22.5,0.18%
2020/07/08,12170.19,23052.12,77.22,0.64%
2020/07/07,12092.97,22893.68,-23.73,-0.20%
2020/07/06,12116.7,22916.04,207.54,1.74%
2020/07/03,11909.16,22502.26,104.02,0.88%
2020/07/02,11805.14,22301.84,101.72,0.87%
2020/07/01,11703.42,22054.55,82.18,0.71%
2020/06/30,11621.24,21851.5,78.62,0.68%
2020/06/29,11542.62,21695.37,-118.05,-1.01%
2020/06/24,11660.67,21909.4,48.31,0.42%
2020/06/23,11612.36,21811.11,39.43,0.34%
2020/06/22,11572.93,21726.25,23.07,0.20%
2020/06/19,11549.86,21678.39,1.53,0.01%
2020/06/18,11548.33,21674.97,13.74,0.12%
2020/06/17,11534.59,21607.63,22.95,0.20%
2020/06/16,11511.64,21545.48,205.38,1.82%
2020/06/15,11306.26,21158.29,-123.68,-1.08%
2020/06/12,11429.94,21387.58,-105.83,-0.92%
2020/06/11,11535.77,21583.83,-184.39,-1.57%
2020/06/10,11720.16,21921.72,83.05,0.71%
2020/06/09,11637.11,21764.92,26.79,0.23%
2020/06/08,11610.32,21714,130.92,1.14%
2020/06/05,11479.4,21468.9,86.17,0.76%
2020/06/04,11393.23,21307.75,73.07,0.65%
2020/06/03,11320.16,21171.1,192.23,1.73%
2020/06/02,11127.93,20811.58,48.91,0.44%
2020/06/01,11079.02,20719.37,136.86,1.25%
2020/05/29,10942.16,20463,-2.03,-0.02%
2020/05/28,10944.19,20466.81,-70.47,-0.64%
2020/05/27,11014.66,20597.56,17.45,0.16%
2020/05/26,10997.21,20564.92,126.03,1.16%
2020/05/25,10871.18,20329.25,60.03,0.56%
2020/05/22,10811.15,20216.98,-197.16,-1.79%
2020/05/21,11008.31,20585.68,100.51,0.92%
2020/05/20,10907.8,20397.73,47.36,0.44%
2020/05/19,10860.44,20309.17,119.89,1.12%
2020/05/18,10740.55,20084.97,-74.37,-0.69%
2020/05/15,10814.92,20224.04,34.04,0.32%
2020/05/14,10780.88,20160.38,-157.39,-1.44%
2020/05/13,10938.27,20454.71,58.8,0.54%
2020/05/12,10879.47,20344.75,-133.79,-1.21%
2020/05/11,11013.26,20594.93,111.84,1.03%
2020/05/08,10901.42,20385.8,58.5,0.54%
2020/05/07,10842.92,20276.39,67.94,0.63%
2020/05/06,10774.98,20149.35,0.37,0.00%
2020/05/05,10774.61,20148.65,54.13,0.50%
2020/05/04,10720.48,20047.43,-271.66,-2.47%
2020/04/30,10992.14,20555.45,219.92,2.04%
2020/04/29,10772.22,20144.18,156.16,1.47%
2020/04/28,10616.06,19852.16,48.79,0.46%
2020/04/27,10567.27,19760.92,219.91,2.13%
2020/04/24,10347.36,19349.7,-19.15,-0.18%
2020/04/23,10366.51,19385.51,58.77,0.57%
2020/04/22,10307.74,19274.78,19.32,0.19%
2020/04/21,10288.42,19238.56,-298.29,-2.82%
2020/04/20,10586.71,19796.34,-10.33,-0.10%
2020/04/17,10597.04,19815.66,221.56,2.14%
2020/04/16,10375.48,19401.34,-71.73,-0.69%
2020/04/15,10447.21,19535.48,114.27,1.11%
2020/04/14,10332.94,19321.8,233.72,2.31%
2020/04/13,10099.22,18884.77,-58.39,-0.57%
2020/04/10,10157.61,18993.95,38.18,0.38%
2020/04/09,10119.43,18922.57,-18.04,-0.18%
2020/04/08,10137.47,18952.66,141.08,1.41%
2020/04/07,9996.39,18688.58,177.65,1.81%
2020/04/06,9818.74,18356.45,155.11,1.61%
2020/04/01,9663.63,18066.47,-44.43,-0.46%
2020/03/31,9708.06,18149.52,78.63,0.82%
2020/03/30,9629.43,18002.36,-69.49,-0.72%
2020/03/27,9698.92,18132.19,-37.44,-0.38%
2020/03/26,9736.36,18201.16,91.61,0.95%
2020/03/25,9644.75,18029.76,359.13,3.87%
2020/03/24,9285.62,17358.42,395.59,4.45%
2020/03/23,8890.03,16618.9,-344.06,-3.73%
2020/03/20,9234.09,17262.09,552.75,6.37%
2020/03/19,8681.34,16228.6,-537.33,-5.83%
2020/03/18,9218.67,17192.79,-220.96,-2.34%
2020/03/17,9439.63,17604.87,-278.14,-2.86%
2020/03/16,9717.77,18123.61,-411.1,-4.06%
2020/03/13,10128.87,18890.22,-293.45,-2.82%
2020/03/12,10422.32,19437.49,-471.43,-4.33%
2020/03/11,10893.75,20316.33,-109.79,-1.00%
2020/03/10,11003.54,20521.09,25.9,0.24%
2020/03/09,10977.64,20472.79,-344.17,-3.04%
2020/03/06,11321.81,21114.65,-193.01,-1.68%
2020/03/05,11514.82,21474.61,122.47,1.08%
2020/03/04,11392.35,21246.2,64.63,0.57%
2020/03/03,11327.72,21125.66,157.26,1.41%
2020/03/02,11170.46,20832.38,-121.71,-1.08%
2020/02/27,11292.17,21059.37,-141.45,-1.24%
2020/02/26,11433.62,21323.17,-106.61,-0.92%
2020/02/25,11540.23,21521.99,5.36,0.05%
2020/02/24,11534.87,21512,-151.48,-1.30%
2020/02/21,11686.35,21794.5,-38.74,-0.33%
2020/02/20,11725.09,21866.74,-33.75,-0.29%
2020/02/19,11758.84,21928.96,109.86,0.94%
2020/02/18,11648.98,21724.09,-114.53,-0.97%
2020/02/17,11763.51,21937.67,-52.19,-0.44%
2020/02/14,11815.7,22035,23.92,0.20%
2020/02/13,11791.78,21990.39,17.59,0.15%
2020/02/12,11774.19,21957.59,110.15,0.94%
2020/02/11,11664.04,21752.18,89.97,0.78%
2020/02/10,11574.07,21584.38,-38.74,-0.33%
2020/02/07,11612.81,21656.63,-136.87,-1.16%
2020/02/06,11749.68,21911.88,176.06,1.52%
2020/02/05,11573.62,21583.55,17.7,0.15%
2020/02/04,11555.92,21550.55,201,1.77%
2020/02/03,11354.92,21175.7,-140.18,-1.22%
2020/01/31,11495.1,21437.11,73.36,0.64%
2020/01/30,11421.74,21300.31,-696.97,-5.75%
2020/01/20,12118.71,22600.08,28.42,0.24%
2020/01/17,12090.29,22547.09,23.36,0.19%
2020/01/16,12066.93,22503.52,-24.95,-0.21%
2020/01/15,12091.88,22550.04,-87.93,-0.72%
2020/01/14,12179.81,22714.03,66.39,0.55%
2020/01/13,12113.42,22590.21,88.77,0.74%
2020/01/10,12024.65,22424.68,54.02,0.45%
2020/01/09,11970.63,22323.92,153.53,1.30%
2020/01/08,11817.1,22037.6,-63.22,-0.53%
2020/01/07,11880.32,22155.51,-73.04,-0.61%
2020/01/06,11953.36,22291.72,-157.07,-1.30%
2020/01/03,12110.43,22584.65,9.95,0.08%
2020/01/02,12100.48,22566.08,103.34,0.86%
2019/12/31,11997.14,22373.36,-56.23,-0.47%
2019/12/30,12053.37,22478.22,-38.22,-0.32%
2019/12/27,12091.59,22549.52,90.58,0.75%
2019/12/26,12001.01,22380.58,-7.12,-0.06%
2019/12/25,12008.13,22393.86,31.75,0.27%
2019/12/24,11976.38,22334.66,-45.85,-0.38%
2019/12/23,12022.23,22420.16,63.15,0.53%
2019/12/20,11959.08,22302.39,-59.82,-0.50%
2019/12/19,12018.9,22413.94,-103.55,-0.85%
2019/12/18,12122.45,22566.75,25.44,0.21%
2019/12/17,12097.01,22519.39,157.24,1.32%
2019/12/16,11939.77,22226.67,12.04,0.10%
2019/12/13,11927.73,22204.27,91.31,0.77%
2019/12/12,11836.42,22034.28,135.65,1.16%
2019/12/11,11700.77,21781.6,72.93,0.63%
2019/12/10,11627.84,21645.83,-32.93,-0.28%
2019/12/09,11660.77,21707.13,51.13,0.44%
2019/12/06,11609.64,21611.96,14.99,0.13%
2019/12/05,11594.65,21584.04,84.18,0.73%
2019/12/04,11510.47,21427.33,-21.11,-0.18%
2019/12/03,11531.58,21466.65,28.75,0.25%
2019/12/02,11502.83,21413.13,13.26,0.12%
2019/11/29,11489.57,21388.44,-127.51,-1.10%
2019/11/28,11617.08,21625.8,-30.38,-0.26%
2019/11/27,11647.46,21682.19,70.64,0.61%
2019/11/26,11576.82,21550.55,15.24,0.13%
2019/11/25,11561.58,21522.17,-5.22,-0.05%
2019/11/22,11566.8,21531.88,8.53,0.07%
2019/11/21,11558.27,21516.02,-72.93,-0.63%
2019/11/20,11631.2,21651.77,-25.2,-0.22%
2019/11/19,11656.4,21698.68,56.62,0.49%
2019/11/18,11599.78,21593.28,74.18,0.64%
2019/11/15,11525.6,21455.19,75.18,0.66%
2019/11/14,11450.42,21315.25,-17.41,-0.15%
2019/11/13,11467.83,21347.65,-52.54,-0.46%
2019/11/12,11520.37,21445.46,93.09,0.81%
2019/11/11,11427.28,21272.17,-152.26,-1.31%
2019/11/08,11579.54,21555.61,-27.02,-0.23%
2019/11/07,11606.56,21605.9,-46.51,-0.40%
2019/11/06,11653.07,21692.48,9.04,0.08%
2019/11/05,11644.03,21675.66,87.18,0.75%
2019/11/04,11556.85,21513.38,157.32,1.38%
2019/11/01,11399.53,21218.98,40.82,0.36%
2019/10/31,11358.71,21142.99,-21.57,-0.19%
2019/10/30,11380.28,21183.15,46.41,0.41%
2019/10/29,11333.87,21096.75,18.85,0.17%
2019/10/28,11315.02,21061.65,18.9,0.17%
2019/10/25,11296.12,21026.13,-24.02,-0.21%
2019/10/24,11320.14,21070.74,80.47,0.72%
2019/10/23,11239.67,20920.95,-31.58,-0.28%
2019/10/22,11271.25,20979.74,87.1,0.78%
2019/10/21,11184.15,20817.62,3.93,0.04%
2019/10/18,11180.22,20810.3,-6.66,-0.06%
2019/10/17,11186.88,20822.69,24.05,0.22%
2019/10/16,11162.83,20777.88,51.03,0.46%
2019/10/15,11111.8,20682.89,44.85,0.41%
2019/10/14,11066.95,20599.41,176.99,1.63%
2019/10/09,10889.96,20269.96,-127.35,-1.16%
2019/10/08,11017.31,20506.82,82.25,0.75%
2019/10/07,10935.06,20353.73,40.58,0.37%
2019/10/04,10894.48,20278.19,18.57,0.17%
2019/10/03,10875.91,20243.63,-71.97,-0.66%
2019/10/02,10947.88,20377.6,-19.77,-0.18%
2019/10/01,10967.65,20411.12,137.97,1.27%
2019/09/27,10829.68,20154.27,-42.31,-0.39%
2019/09/26,10871.99,20233,-1.7,-0.02%
2019/09/25,10873.69,20235.92,-44.32,-0.41%
2019/09/24,10918.01,20318.25,-1.01,-0.01%
2019/09/23,10919.02,20319.98,-10.67,-0.10%
2019/09/20,10929.69,20339.81,34.99,0.32%
2019/09/19,10894.7,20274.61,-34.75,-0.32%
2019/09/18,10929.45,20306.99,54.95,0.51%
2019/09/17,10874.5,20204.79,-23.63,-0.22%
2019/09/16,10898.13,20248.6,70.58,0.65%
2019/09/12,10827.55,20111.71,37.2,0.34%
2019/09/11,10790.35,20042.62,36.77,0.34%
2019/09/10,10753.58,19973.71,-47.56,-0.44%
2019/09/09,10801.14,20062.05,20.5,0.19%
2019/09/06,10780.64,20023.69,23.71,0.22%
2019/09/05,10756.93,19979.16,99.62,0.93%
2019/09/04,10657.31,19790.44,99.1,0.94%
2019/09/03,10558.21,19605.96,-76.64,-0.72%
2019/09/02,10634.85,19747.08,16.8,0.16%
2019/08/30,10618.05,19714.34,155.62,1.49%
2019/08/29,10462.43,19424.64,28.14,0.27%
2019/08/28,10434.29,19365.75,47.06,0.45%
2019/08/27,10387.23,19274.58,32.66,0.32%
2019/08/26,10354.57,19208.29,-183.54,-1.74%
2019/08/23,10538.11,19532.52,8.33,0.08%
2019/08/22,10529.78,19512.96,3.98,0.04%
2019/08/21,10525.8,19503.83,3.3,0.03%
2019/08/20,10522.5,19493.72,33.75,0.32%
2019/08/19,10488.75,19426.65,67.86,0.65%
2019/08/16,10420.89,19299.26,93.76,0.91%
2019/08/15,10327.13,19125.64,-100.6,-0.96%
2019/08/14,10427.73,19306.45,65.07,0.63%
2019/08/13,10362.66,19176.5,-109.7,-1.05%
2019/08/12,10472.36,19360.92,-22.13,-0.21%
2019/08/08,10494.49,19372.55,108.31,1.04%
2019/08/07,10386.18,19164.33,-8.57,-0.08%
2019/08/06,10394.75,19176.89,-28.66,-0.27%
2019/08/05,10423.41,19219.3,-125.63,-1.19%
2019/08/02,10549.04,19450.09,-182.71,-1.70%
2019/08/01,10731.75,19784.89,-92.06,-0.85%
2019/07/31,10823.81,19938.27,-7.09,-0.07%
2019/07/30,10830.9,19933.84,-54.83,-0.50%
2019/07/29,10885.73,20033.05,-6.25,-0.06%
2019/07/26,10891.98,20032.69,-49.43,-0.45%
2019/07/25,10941.41,20120.61,5.65,0.05%
2019/07/24,10935.76,20028.94,-11.5,-0.11%
2019/07/23,10947.26,20037.9,2.73,0.02%
2019/07/22,10944.53,20027.2,71.34,0.66%
2019/07/19,10873.19,19883.45,73.91,0.68%
2019/07/18,10799.28,19740.32,-29.2,-0.27%
2019/07/17,10828.48,19785.38,-57.57,-0.53%
2019/07/16,10886.05,19886.65,9.62,0.09%
2019/07/15,10876.43,19844.62,52.08,0.48%
2019/07/12,10824.35,19728.58,-19.07,-0.18%
2019/07/11,10843.42,19757.53,44.94,0.42%
2019/07/10,10798.48,19645.53,95.7,0.89%
2019/07/09,10702.78,19465.86,-48.44,-0.45%
2019/07/08,10751.22,19532.87,-34.51,-0.32%
2019/07/05,10785.73,19566.46,9.83,0.09%
2019/07/04,10775.9,19544.38,32.13,0.30%
2019/07/03,10743.77,19448.42,-121.35,-1.12%
2019/07/02,10865.12,19637.41,-30.34,-0.28%
2019/07/01,10895.46,19650.99,164.63,1.53%
2019/06/28,10730.83,19337.63,-43.07,-0.40%
2019/06/27,10773.9,19414.25,121.35,1.14%
2019/06/26,10652.55,19191.67,-54.17,-0.51%
2019/06/25,10706.72,19265.78,-72.73,-0.67%
2019/06/24,10779.45,19394.94,-24.32,-0.23%
2019/06/21,10803.77,19312.11,18.76,0.17%
2019/06/20,10785.01,19278.58,9.67,0.09%
2019/06/19,10775.34,19233.88,208.6,1.97%
2019/06/18,10566.74,18859.26,36.2,0.34%
2019/06/17,10530.54,18791.94,5.87,0.06%
2019/06/14,10524.67,18780.55,-36.34,-0.34%
2019/06/13,10561.01,18844.64,-54.65,-0.51%
2019/06/12,10615.66,18941.41,7.9,0.07%
2019/06/11,10607.76,18927.06,41.29,0.39%
2019/06/10,10566.47,18853.39,157.27,1.51%
2019/06/06,10409.2,18572.78,-52.42,-0.50%
2019/06/05,10461.62,18666.31,32.5,0.31%
2019/06/04,10429.12,18608.32,-70.95,-0.68%
2019/06/03,10500.07,18734.92,1.58,0.02%
2019/05/31,10498.49,18730.94,115.5,1.11%
2019/05/30,10382.99,18524.78,81.21,0.79%
2019/05/29,10301.78,18379.89,-10.53,-0.10%
2019/05/28,10312.31,18398.68,-21.82,-0.21%
2019/05/27,10334.13,18437.61,5.85,0.06%
2019/05/24,10328.28,18427.17,19.91,0.19%
2019/05/23,10308.37,18391.65,-148.85,-1.42%
2019/05/22,10457.22,18656.68,-7.28,-0.07%
2019/05/21,10464.5,18669.67,66.09,0.64%
2019/05/20,10398.41,18551.76,14.3,0.14%
2019/05/17,10384.11,18526.25,-90.5,-0.86%
2019/05/16,10474.61,18687.72,-86.1,-0.82%
2019/05/15,10560.71,18841.31,41.46,0.39%
2019/05/14,10519.25,18767.35,-39.04,-0.37%
2019/05/13,10558.29,18837.01,-154.7,-1.44%
2019/05/10,10712.99,19113,-20.68,-0.19%
2019/05/09,10733.67,19149.9,-190.04,-1.74%
2019/05/08,10923.71,19488.95,-63.43,-0.58%
2019/05/07,10987.14,19602.03,90.02,0.83%
2019/05/06,10897.12,19441.43,-199.18,-1.80%
2019/05/03,11096.3,19796.78,91.81,0.83%
2019/05/02,11004.49,19632.97,36.76,0.34%
2019/04/30,10967.73,19567.4,28.67,0.26%
2019/04/29,10939.06,19516.25,-13.41,-0.12%
2019/04/26,10952.47,19540.17,-87.39,-0.79%
2019/04/25,11039.86,19696.08,12.22,0.11%
2019/04/24,11027.64,19674.28,1.96,0.02%
2019/04/23,11025.68,19670.79,37.97,0.35%
2019/04/22,10987.71,19603.05,19.21,0.18%
2019/04/19,10968.5,19568.77,6.48,0.06%
2019/04/18,10962.02,19557.2,-35.24,-0.32%
2019/04/17,10997.26,19620.09,69.41,0.64%
2019/04/16,10927.85,19496.24,52.25,0.48%
2019/04/15,10875.6,19403.03,70.3,0.65%
2019/04/12,10805.3,19277.6,-3.47,-0.03%
2019/04/11,10808.77,19283.8,-59.37,-0.55%
2019/04/10,10868.14,19389.72,16.54,0.15%
2019/04/09,10851.6,19360.21,51.03,0.47%
2019/04/08,10800.57,19269.18,96.19,0.90%
2019/04/03,10704.38,19097.57,14.08,0.13%
2019/04/02,10690.3,19072.43,47.67,0.45%
2019/04/01,10642.63,18987.39,1.59,0.01%
2019/03/29,10641.04,18984.56,104.78,0.99%
2019/03/28,10536.26,18797.62,-6.44,-0.06%
2019/03/27,10542.7,18809.1,-16.5,-0.16%
2019/03/26,10559.2,18838.55,79.72,0.76%
2019/03/25,10479.48,18696.31,-159.59,-1.50%
2019/03/22,10639.07,18981.04,29.52,0.28%
2019/03/21,10609.55,18928.38,57.99,0.55%
2019/03/20,10551.56,18824.92,39.24,0.37%
2019/03/19,10512.32,18754.9,-0.38,0.00%
2019/03/18,10512.7,18755.58,73.46,0.70%
2019/03/15,10439.24,18624.52,90.59,0.88%
2019/03/14,10348.65,18462.9,-24.67,-0.24%
2019/03/13,10373.32,18506.92,29.99,0.29%
2019/03/12,10343.33,18453.41,93.05,0.91%
2019/03/11,10250.28,18287.4,8.53,0.08%
2019/03/08,10241.75,18272.19,-69.93,-0.68%
2019/03/07,10311.68,18396.95,-45.47,-0.44%
2019/03/06,10357.15,18478.07,51.89,0.50%
2019/03/05,10305.26,18385.48,-44.62,-0.43%
2019/03/04,10349.88,18465.1,-39.29,-0.38%
2019/02/27,10389.17,18535.19,-2.38,-0.02%
2019/02/26,10391.55,18539.45,0.62,0.01%
2019/02/25,10390.93,18538.33,68.01,0.66%
2019/02/22,10322.92,18417,3.39,0.03%
2019/02/21,10319.53,18410.95,47.07,0.46%
2019/02/20,10272.46,18326.97,120.2,1.18%
2019/02/19,10152.26,18112.53,6.98,0.07%
2019/02/18,10145.28,18100.07,80.5,0.80%
2019/02/15,10064.78,17956.45,-24.23,-0.24%
2019/02/14,10089.01,17999.69,-1.57,-0.02%
2019/02/13,10090.58,18002.48,-7.16,-0.07%
2019/02/12,10097.74,18015.26,93.49,0.93%
2019/02/11,10004.25,17848.46,71.99,0.72%
2019/01/30,9932.26,17720.03,0.67,0.01%
2019/01/29,9931.59,17718.82,-81.74,-0.82%
2019/01/28,10013.33,17864.67,43.72,0.44%
2019/01/25,9969.61,17786.66,92.49,0.94%
2019/01/24,9877.12,17621.65,30.72,0.31%
2019/01/23,9846.4,17566.84,-48.26,-0.49%
2019/01/22,9894.66,17652.95,5.26,0.05%
2019/01/21,9889.4,17643.56,53.34,0.54%
2019/01/18,9836.06,17548.39,46.91,0.48%
2019/01/17,9789.15,17464.7,25.34,0.26%
2019/01/16,9763.81,17419.5,-42.23,-0.43%
2019/01/15,9806.04,17494.85,97.82,1.01%
2019/01/14,9708.22,17320.31,-51.18,-0.52%
2019/01/11,9759.4,17411.63,38.71,0.40%
2019/01/10,9720.69,17342.57,-17.62,-0.18%
2019/01/09,9738.31,17374,174.71,1.83%
2019/01/08,9563.6,17062.3,-26.7,-0.28%
2019/01/07,9590.3,17109.94,207.79,2.21%
2019/01/04,9382.51,16739.23,-109.91,-1.16%
2019/01/03,9492.42,16935.32,-61.72,-0.65%
2019/01/02,9554.14,17045.43,-173.27,-1.78%
2018/12/28,9727.41,17354.55,85.85,0.89%
2018/12/27,9641.56,17201.4,162.57,1.72%
2018/12/26,9478.99,16911.35,-48.1,-0.50%
2018/12/25,9527.09,16997.17,-112.61,-1.17%
2018/12/24,9639.7,17198.08,-6.46,-0.07%
2018/12/22,9646.16,17209.6,-30.51,-0.32%
2018/12/21,9676.67,17264.04,2.15,0.02%
2018/12/20,9674.52,17260.2,-108.69,-1.11%
2018/12/19,9783.21,17454.11,64.39,0.66%
2018/12/18,9718.82,17339.23,-68.71,-0.70%
2018/12/17,9787.53,17461.81,13.37,0.14%
2018/12/14,9774.16,17437.96,-84.6,-0.86%
2018/12/13,9858.76,17588.89,42.31,0.43%
2018/12/12,9816.45,17513.41,109.41,1.13%
2018/12/11,9707.04,17318.22,59.5,0.62%
2018/12/10,9647.54,17212.06,-113.34,-1.16%
2018/12/07,9760.88,17414.27,76.16,0.79%
2018/12/06,9684.72,17278.4,-232.02,-2.34%
2018/12/05,9916.74,17692.34,-166.8,-1.65%
2018/12/04,10083.54,17989.93,-54.33,-0.54%
2018/12/03,10137.87,18086.85,249.84,2.53%
2018/11/30,9888.03,17641.12,2.67,0.03%
2018/11/29,9885.36,17636.36,1.05,0.01%
2018/11/28,9884.31,17634.48,105.69,1.08%
2018/11/27,9778.62,17445.68,13.26,0.14%
2018/11/26,9765.36,17421.79,98.06,1.01%
2018/11/23,9667.3,17246.81,-47.41,-0.49%
2018/11/22,9714.71,17331.4,-26.81,-0.28%
2018/11/21,9741.52,17379.23,-2.47,-0.03%
2018/11/20,9743.99,17383.64,-84.7,-0.86%
2018/11/19,9828.69,17534.57,31.6,0.32%
2018/11/16,9797.09,17478.2,-29.37,-0.30%
2018/11/15,9826.46,17530.59,34.58,0.35%
2018/11/14,9791.88,17468.89,16.04,0.16%
2018/11/13,9775.84,17440.29,-55.37,-0.56%
2018/11/12,9831.21,17539.06,1.2,0.01%
2018/11/09,9830.01,17536.92,-115.3,-1.16%
2018/11/08,9945.31,17742.62,36.96,0.37%
2018/11/07,9908.35,17676.68,83.4,0.85%
2018/11/06,9824.95,17527.59,-64.86,-0.66%
2018/11/05,9889.81,17643.29,-16.78,-0.17%
2018/11/02,9906.59,17673.23,61.85,0.63%
2018/11/01,9844.74,17562.88,42.61,0.43%
2018/10/31,9802.13,17486.87,276.02,2.90%
2018/10/30,9526.11,16994.43,9.79,0.10%
2018/10/29,9516.32,16976.96,27.14,0.29%
2018/10/26,9489.18,16928.54,-31.61,-0.33%
2018/10/25,9520.79,16984.75,-238.61,-2.44%
2018/10/24,9759.4,17410.4,-15.8,-0.16%
2018/10/23,9775.2,17438.61,-199.08,-2.00%
2018/10/22,9974.28,17793.76,55.02,0.55%
2018/10/19,9919.26,17695.59,-34.47,-0.35%
2018/10/18,9953.73,17757.08,-25.41,-0.25%
2018/10/17,9979.14,17802.39,-1.96,-0.02%
2018/10/16,9981.1,17805.89,79.98,0.81%
2018/10/15,9901.12,17663.03,-144.69,-1.44%
2018/10/12,10045.81,17921.15,239.7,2.44%
2018/10/11,9806.11,17493.53,-660.72,-6.31%
2018/10/09,10466.83,18672.22,10.9,0.10%
2018/10/08,10455.93,18652.78,-61.19,-0.58%
2018/10/05,10517.12,18761.93,-201.79,-1.88%
2018/10/04,10718.91,19121.92,-145.03,-1.33%
2018/10/03,10863.94,19380.64,-55.69,-0.51%
2018/10/02,10919.63,19479.99,-132.17,-1.20%
2018/10/01,11051.8,19715.77,45.46,0.41%
2018/09/28,11006.34,19634.67,-27.85,-0.25%
2018/09/27,11034.19,19684.36,60,0.55%
2018/09/26,10974.19,19577.05,-4.66,-0.04%
2018/09/25,10978.85,19585.36,6.44,0.06%
2018/09/21,10972.41,19573.87,141,1.30%
2018/09/20,10831.41,19322.28,-25.86,-0.24%
2018/09/19,10857.27,19366.08,97.06,0.90%
2018/09/18,10760.21,19192.93,-68.4,-0.63%
2018/09/17,10828.61,19309.26,-39.53,-0.36%
2018/09/14,10868.14,19379.69,140.91,1.31%
2018/09/13,10727.23,19128.42,4.66,0.04%
2018/09/12,10722.57,19120.02,-29.73,-0.28%
2018/09/11,10752.3,19172.67,26.5,0.25%
2018/09/10,10725.8,19124.87,-121.19,-1.12%
2018/09/07,10846.99,19340.95,-77.31,-0.71%
2018/09/06,10924.3,19476.35,-70.83,-0.64%
2018/09/05,10995.13,19598.41,-26.25,-0.24%
2018/09/04,11021.38,19643.45,57.16,0.52%
2018/09/03,10964.22,19539.04,-99.72,-0.90%
2018/08/31,11063.94,19716.61,-29.81,-0.27%
2018/08/30,11093.75,19769.4,-5.82,-0.05%
2018/08/29,11099.57,19773.5,110.02,1.00%
2018/08/28,10989.55,19575.62,87.34,0.80%
2018/08/27,10902.21,19417.98,92.86,0.86%
2018/08/24,10809.35,19249.4,-53.78,-0.50%
2018/08/23,10863.13,19341.04,58.93,0.55%
2018/08/22,10804.2,19233.18,12,0.11%
2018/08/21,10792.2,19203.1,93.15,0.87%
2018/08/20,10699.05,19026.21,8.09,0.08%
2018/08/17,10690.96,19011.58,7.06,0.07%
2018/08/16,10683.9,18997.39,-32.85,-0.31%
2018/08/15,10716.75,19045.41,-107.48,-0.99%
2018/08/14,10824.23,19232.48,75.31,0.70%
2018/08/13,10748.92,19093.8,-234.76,-2.14%
2018/08/10,10983.68,19510.42,-44.39,-0.40%
2018/08/09,11028.07,19569.52,-47.18,-0.43%
2018/08/08,11075.25,19636.72,91.81,0.84%
2018/08/07,10983.44,19470.59,-40.66,-0.37%
2018/08/06,11024.1,19542.06,11.67,0.11%
2018/08/03,11012.43,19520.38,82.66,0.76%
2018/08/02,10929.77,19370.81,-168.36,-1.52%
2018/08/01,11098.13,19645.48,40.62,0.37%
2018/07/31,11057.51,19552.69,23.97,0.22%
2018/07/30,11033.54,19497.77,-42.24,-0.38%
2018/07/27,11075.78,19554.47,65.17,0.59%
2018/07/26,11010.61,19436.93,44.82,0.41%
2018/07/25,10965.79,19335.32,-29.6,-0.27%
2018/07/24,10995.39,19354.95,48.5,0.44%
2018/07/23,10946.89,19266.21,14.78,0.14%
2018/07/20,10932.11,19211.06,96.73,0.89%
2018/07/19,10835.38,19038.74,-7.08,-0.07%
2018/07/18,10842.46,19043.68,63.47,0.59%
2018/07/17,10778.99,18922.8,-38.46,-0.36%
2018/07/16,10817.45,18978.76,-47.09,-0.43%
2018/07/13,10864.54,19055.59,126.16,1.17%
2018/07/12,10738.38,18823.22,61.54,0.58%
2018/07/11,10676.84,18685.73,-80.05,-0.74%
2018/07/10,10756.89,18788.69,36.61,0.34%
2018/07/09,10720.28,18681.78,111.71,1.05%
2018/07/06,10608.57,18453.63,-3.24,-0.03%
2018/07/05,10611.81,18453.79,-110.06,-1.03%
2018/07/04,10721.87,18612.95,6.15,0.06%
2018/07/03,10715.72,18556.03,-62.22,-0.58%
2018/07/02,10777.94,18654.33,-58.97,-0.54%
2018/06/29,10836.91,18744.53,182.63,1.71%
2018/06/28,10654.28,18427.69,-46.75,-0.44%
2018/06/27,10701.03,18499.01,-41.14,-0.38%
2018/06/26,10742.17,18569.28,-44.29,-0.41%
2018/06/25,10786.46,18612.93,-112.82,-1.04%
2018/06/22,10899.28,18687.13,-41.79,-0.38%
2018/06/21,10941.07,18758.61,13.63,0.12%
2018/06/20,10927.44,18730.93,23.25,0.21%
2018/06/19,10904.19,18690.5,-183.28,-1.65%
2018/06/15,11087.47,19003.56,73.49,0.67%
2018/06/14,11013.98,18874.83,-159.23,-1.43%
2018/06/13,11173.21,19146.88,28.42,0.26%
2018/06/12,11144.79,19098.15,-4.44,-0.04%
2018/06/11,11149.23,19105.39,-7.19,-0.06%
2018/06/08,11156.42,19117.71,-95.33,-0.85%
2018/06/07,11251.75,19281.07,49.92,0.45%
2018/06/06,11201.83,19195.12,101.72,0.92%
2018/06/05,11100.11,19020.82,-9.39,-0.08%
2018/06/04,11109.5,19035.91,160.42,1.47%
2018/06/01,10949.08,18760.39,74.12,0.68%
2018/05/31,10874.96,18632.87,53.79,0.50%
2018/05/30,10821.17,18540.71,-142.95,-1.30%
2018/05/29,10964.12,18785.63,-23.65,-0.22%
2018/05/28,10987.77,18826.15,45.47,0.42%
2018/05/25,10942.3,18748.25,5.37,0.05%
2018/05/24,10936.93,18739.05,50.75,0.47%
2018/05/23,10886.18,18652.1,-52.55,-0.48%
2018/05/22,10938.73,18742.14,-27.47,-0.25%
2018/05/21,10966.2,18789.19,135.36,1.25%
2018/05/18,10830.84,18556.95,-2.97,-0.03%
2018/05/17,10833.81,18562.03,-63.76,-0.59%
2018/05/16,10897.57,18671.28,22.84,0.21%
2018/05/15,10874.73,18632.15,-77.66,-0.71%
2018/05/14,10952.39,18765.2,93.41,0.86%
2018/05/11,10858.98,18605.16,98.77,0.92%
2018/05/10,10760.21,18435.94,56.86,0.53%
2018/05/09,10703.35,18338.52,11.97,0.11%
2018/05/08,10691.38,18317.87,86.47,0.82%
2018/05/07,10604.91,18169.72,75.54,0.72%
2018/05/04,10529.37,18040.3,15.19,0.14%
2018/05/03,10514.18,18014.28,-104.63,-0.99%
2018/05/02,10618.81,18193.54,-39.07,-0.37%
2018/04/30,10657.88,18260.48,104.45,0.99%
2018/04/27,10553.43,18081.52,64.85,0.62%
2018/04/26,10488.58,17970.41,-71.39,-0.68%
2018/04/25,10559.97,18092.73,-19.53,-0.18%
2018/04/24,10579.5,18126.19,-117.63,-1.10%
2018/04/23,10697.13,18327.73,-82.25,-0.76%
2018/04/20,10779.38,18468.64,-191.84,-1.75%
2018/04/19,10971.22,18797.34,123.33,1.14%
2018/04/18,10847.89,18586.02,37.44,0.35%
2018/04/17,10810.45,18521.88,-144.1,-1.32%
2018/04/16,10954.55,18768.77,-10.84,-0.10%
2018/04/13,10965.39,18787.35,10.1,0.09%
2018/04/12,10955.29,18770.03,-18.73,-0.17%
2018/04/11,10974.02,18802.14,46.84,0.43%
2018/04/10,10927.18,18721.88,33.65,0.31%
2018/04/09,10893.53,18664.23,72,0.67%
2018/04/03,10821.53,18540.87,-66.74,-0.61%
2018/04/02,10888.27,18655.21,-31.22,-0.29%
2018/03/31,10919.49,18708.7,13.27,0.12%
2018/03/30,10906.22,18685.97,60.3,0.56%
2018/03/29,10845.92,18582.66,-19.74,-0.18%
2018/03/28,10865.66,18616.48,-121.13,-1.10%
2018/03/27,10986.79,18824,146.74,1.35%
2018/03/26,10840.05,18572.59,16.72,0.15%
2018/03/23,10823.33,18543.95,-182.51,-1.66%
2018/03/22,11005.84,18856.65,-5.23,-0.05%
2018/03/21,11011.07,18865.6,0.23,0.00%
2018/03/20,11010.84,18865.21,-36.06,-0.33%
2018/03/19,11046.9,18927,19.2,0.17%
2018/03/16,11027.7,18894.1,9.25,0.08%
2018/03/15,11018.45,18878.25,-20.35,-0.18%
2018/03/14,11038.8,18913.13,-56.83,-0.51%
2018/03/13,11095.63,19010.49,93.53,0.85%
2018/03/12,11002.1,18850.23,137.28,1.26%
2018/03/09,10864.82,18615.03,41.58,0.38%
2018/03/08,10823.24,18543.8,77.92,0.73%
2018/03/07,10745.32,18410.3,-39.02,-0.36%
2018/03/06,10784.34,18477.15,141.44,1.33%
2018/03/05,10642.9,18234.8,-55.27,-0.52%
2018/03/02,10698.17,18329.51,-87.62,-0.81%
2018/03/01,10785.79,18479.63,-29.68,-0.27%
2018/02/27,10815.47,18530.49,-21.23,-0.20%
2018/02/26,10836.7,18566.86,42.15,0.39%
2018/02/23,10794.55,18494.63,132.17,1.24%
2018/02/22,10662.38,18268.19,-52.06,-0.49%
2018/02/21,10714.44,18357.38,293.35,2.81%
2018/02/12,10421.09,17854.78,49.34,0.48%
2018/02/09,10371.75,17770.24,-156.77,-1.49%
2018/02/08,10528.52,18038.84,-23.02,-0.22%
2018/02/07,10551.54,18078.29,147.54,1.42%
2018/02/06,10404,17825.49,-542.25,-4.95%
2018/02/05,10946.25,18754.55,-179.98,-1.62%
2018/02/02,11126.23,19062.91,-34.02,-0.30%
2018/02/01,11160.25,19121.21,56.46,0.51%
2018/01/31,11103.79,19024.46,27.01,0.24%
2018/01/30,11076.78,18978.19,-145.03,-1.29%
2018/01/29,11221.81,19226.67,74.71,0.67%
2018/01/26,11147.1,19098.67,-18.85,-0.17%
2018/01/25,11165.95,19130.97,13.79,0.12%
2018/01/24,11152.16,19107.34,-100.95,-0.90%
2018/01/23,11253.11,19280.3,21.65,0.19%
2018/01/22,11231.46,19243.21,80.61,0.72%
2018/01/19,11150.85,19105.09,79.28,0.72%
2018/01/18,11071.57,18969.26,66.77,0.61%
2018/01/17,11004.8,18854.87,18.69,0.17%
2018/01/16,10986.11,18822.84,29.8,0.27%
2018/01/15,10956.31,18771.78,72.35,0.66%
2018/01/12,10883.96,18647.82,73.9,0.68%
2018/01/11,10810.06,18521.21,-21.03,-0.19%
2018/01/10,10831.09,18557.24,-83.8,-0.77%
2018/01/09,10914.89,18700.83,-0.86,-0.01%
2018/01/08,10915.75,18702.3,35.95,0.33%
2018/01/05,10879.8,18640.7,31.17,0.29%
2018/01/04,10848.63,18587.3,47.06,0.44%
2018/01/03,10801.57,18506.67,90.84,0.85%
2018/01/02,10710.73,18351.03,67.87,0.64%
2017/12/29,10642.86,18234.75,75.22,0.71%
2017/12/28,10567.64,18105.87,80.97,0.77%
2017/12/27,10486.67,17967.13,64.76,0.62%
2017/12/26,10421.91,17856.19,-100.58,-0.96%
2017/12/25,10522.49,18028.5,-14.78,-0.14%
2017/12/22,10537.27,18053.82,48.3,0.46%
2017/12/21,10488.97,17971.08,-15.55,-0.15%
2017/12/20,10504.52,17997.71,37.18,0.36%
2017/12/19,10467.34,17934.02,-39.18,-0.37%
2017/12/18,10506.52,18001.14,15.08,0.14%
2017/12/15,10491.44,17975.3,-46.57,-0.44%
2017/12/14,10538.01,18055.1,67.31,0.64%
2017/12/13,10470.7,17939.47,27.42,0.26%
2017/12/12,10443.28,17892.5,-29.81,-0.28%
2017/12/11,10473.09,17943.57,74.47,0.72%
2017/12/08,10398.62,17815.99,42.86,0.41%
2017/12/07,10355.76,17742.55,-38.16,-0.37%
2017/12/06,10393.92,17807.92,-172.93,-1.64%
2017/12/05,10566.85,18104.22,-84.26,-0.79%
2017/12/04,10651.11,18248.57,50.74,0.48%
2017/12/01,10600.37,18161.64,39.93,0.38%
2017/11/30,10560.44,18093.23,-153.11,-1.43%
2017/11/29,10713.55,18355.54,6.48,0.06%
2017/11/28,10707.07,18344.46,-43.86,-0.41%
2017/11/27,10750.93,18419.6,-103.16,-0.95%
2017/11/24,10854.09,18596.34,-0.48,0.00%
2017/11/23,10854.57,18597.16,31.98,0.30%
2017/11/22,10822.59,18542.24,43.35,0.40%
2017/11/21,10779.24,18467.96,114.69,1.08%
2017/11/20,10664.55,18271.46,-37.09,-0.35%
2017/11/17,10701.64,18335.01,76.6,0.72%
2017/11/16,10625.04,18203.77,-5.61,-0.05%
2017/11/15,10630.65,18213.39,-56.53,-0.53%
2017/11/14,10687.18,18310.24,3.26,0.03%
2017/11/13,10683.92,18304.66,-48.75,-0.45%
2017/11/10,10732.67,18388.19,-10.6,-0.10%
2017/11/09,10743.27,18406.34,-75.72,-0.70%
2017/11/08,10818.99,18536.07,-21.35,-0.20%
2017/11/07,10840.34,18572.65,54.15,0.50%
2017/11/06,10786.19,18479.77,-14.58,-0.13%
2017/11/03,10800.77,18504.74,12.26,0.11%
2017/11/02,10788.51,18483.74,-17.85,-0.17%
2017/11/01,10806.36,18514.29,12.56,0.12%
2017/10/31,10793.8,18492.76,36.93,0.34%
2017/10/30,10756.87,18429.39,47.76,0.45%
2017/10/27,10709.11,18347.57,-25.65,-0.24%
2017/10/26,10734.76,18391.51,-15.81,-0.15%
2017/10/25,10750.57,18418.61,6.79,0.06%
2017/10/24,10743.78,18406.96,8.57,0.08%
2017/10/23,10735.21,18392.28,6.33,0.06%
2017/10/20,10728.88,18381.43,-31.41,-0.29%
2017/10/19,10760.29,18435.26,40.01,0.37%
2017/10/18,10720.28,18366.68,-2.87,-0.03%
2017/10/17,10723.15,18371.6,-51.06,-0.47%
2017/10/16,10774.21,18459.08,50.12,0.47%
2017/10/13,10724.09,18373.21,12.65,0.12%
2017/10/12,10711.44,18351.55,70.25,0.66%
2017/10/11,10641.19,18230.16,108.38,1.03%
2017/10/06,10532.81,18044.49,14.54,0.14%
2017/10/05,10518.27,18019.46,48.92,0.47%
2017/10/03,10469.35,17935.65,4.19,0.04%
2017/10/02,10465.16,17928.48,81.22,0.78%
2017/09/30,10383.94,17789.34,54,0.52%
2017/09/29,10329.94,17696.83,33.49,0.33%
2017/09/28,10296.45,17639.43,-30.23,-0.29%
2017/09/27,10326.68,17690.97,69.66,0.68%
2017/09/26,10257.02,17571.28,-78.87,-0.76%
2017/09/25,10335.89,17706.39,-113.79,-1.09%
2017/09/22,10449.68,17901.33,-128.76,-1.22%
2017/09/21,10578.44,18121.68,59.27,0.56%
2017/09/20,10519.17,18019.98,-56.97,-0.54%
2017/09/19,10576.14,18117.56,-55.43,-0.52%
2017/09/18,10631.57,18212.52,51.16,0.48%
2017/09/15,10580.41,18122.64,26.84,0.25%
2017/09/14,10553.57,18076.66,20.69,0.20%
2017/09/13,10532.88,18035.11,-77.47,-0.73%
2017/09/12,10610.35,18167.72,38.19,0.36%
2017/09/11,10572.16,18102.33,-37.79,-0.36%
2017/09/08,10609.95,18162.91,71.44,0.68%
2017/09/07,10538.51,18040.62,-9.35,-0.09%
2017/09/06,10547.86,18054.98,-69.98,-0.66%
2017/09/05,10617.84,18174.45,47.97,0.45%
2017/09/04,10569.87,18091.93,-24.95,-0.24%
2017/09/01,10594.82,18134.59,9.04,0.09%
2017/08/31,10585.78,18119.11,16.38,0.15%
2017/08/30,10569.4,18090.01,72.83,0.69%
2017/08/29,10496.57,17962.06,-29.41,-0.28%
2017/08/28,10525.98,18007.85,10.47,0.10%
2017/08/25,10515.51,17986.53,26.55,0.25%
2017/08/24,10488.96,17938.65,82.15,0.79%
2017/08/23,10406.81,17792.79,14.74,0.14%
2017/08/22,10392.07,17763.22,65.68,0.64%
2017/08/21,10326.39,17647.76,5.06,0.05%
2017/08/18,10321.33,17636.62,-48.04,-0.46%
2017/08/17,10369.37,17718.01,78.98,0.77%
2017/08/16,10290.39,17571.29,-20.77,-0.20%
2017/08/15,10311.16,17595.91,85.88,0.84%
2017/08/14,10225.28,17447.74,-104.29,-1.01%
2017/08/11,10329.57,17624.02,-0.17,0.00%
2017/08/10,10329.74,17621.56,-140.64,-1.34%
2017/08/09,10470.38,17843.32,-98.59,-0.93%
2017/08/08,10568.97,17997.7,-10.41,-0.10%
2017/08/07,10579.38,18004.62,72.82,0.69%
2017/08/04,10506.56,17880.21,36.68,0.35%
2017/08/03,10469.88,17808.61,-49.39,-0.47%
2017/08/02,10519.27,17879.09,81.98,0.79%
2017/08/01,10437.29,17728.87,9.96,0.10%
2017/07/31,10427.33,17697.54,4.28,0.04%
2017/07/28,10423.05,17681.59,-85.32,-0.81%
2017/07/27,10508.37,17824.51,89.26,0.86%
2017/07/26,10419.11,17658.57,-44.04,-0.42%
2017/07/25,10463.15,17719.59,1.87,0.02%
2017/07/24,10461.28,17703.44,24.58,0.24%
2017/07/21,10436.7,17657.97,-62.66,-0.60%
2017/07/20,10499.36,17739.83,-6.74,-0.06%
2017/07/19,10506.1,17740.87,24.84,0.24%
2017/07/18,10481.26,17693.8,23.72,0.23%
2017/07/17,10457.54,17625.14,13.63,0.13%
2017/07/14,10443.91,17587.16,-16.24,-0.16%
2017/07/13,10460.15,17608.71,39.47,0.38%
2017/07/12,10420.68,17484.98,5.11,0.05%
2017/07/11,10415.57,17448.2,125.66,1.22%
2017/07/10,10289.91,17217.58,-7.34,-0.07%
2017/07/07,10297.25,17226.18,-70.95,-0.68%
2017/07/06,10368.2,17340.92,-36.59,-0.35%
2017/07/05,10404.79,17366.05,57.01,0.55%
2017/07/04,10347.78,17263.54,-65.01,-0.62%
2017/07/03,10412.79,17367.39,17.72,0.17%
2017/06/30,10395.07,17298.15,-26.58,-0.26%
2017/06/29,10421.65,17338.95,31.1,0.30%
2017/06/28,10390.55,17283.64,-121.51,-1.16%
2017/06/27,10512.06,17452,-1.9,-0.02%
2017/06/26,10513.96,17454.88,136.26,1.31%
2017/06/23,10377.7,17124.43,-21.36,-0.21%
2017/06/22,10399.06,17158.41,49.34,0.48%
2017/06/21,10349.72,17073.07,25.26,0.24%
2017/06/20,10324.46,17031.37,73.86,0.72%
2017/06/19,10250.6,16906.48,93.87,0.92%
2017/06/16,10156.73,16751.66,68.38,0.68%
2017/06/15,10088.35,16638.78,15.89,0.16%
2017/06/14,10072.46,16611.94,-55.69,-0.55%
2017/06/13,10128.15,16702.37,18.19,0.18%
2017/06/12,10109.96,16671.51,-89.69,-0.88%
2017/06/09,10199.65,16819.41,-26.13,-0.26%
2017/06/08,10225.78,16862.48,15.79,0.15%
2017/06/07,10209.99,16836.46,3.81,0.04%
2017/06/06,10206.18,16830.16,-20.66,-0.20%
2017/06/05,10226.84,16863.28,68.69,0.68%
2017/06/03,10158.15,16749.09,5.62,0.06%
2017/06/02,10152.53,16739.82,65.11,0.65%
2017/06/01,10087.42,16631.87,46.7,0.47%
2017/05/31,10040.72,16554.82,-61.23,-0.61%
2017/05/26,10101.95,16655.76,-6.54,-0.06%
2017/05/25,10108.49,16666.55,64.07,0.64%
2017/05/24,10044.42,16560.91,36.58,0.37%
2017/05/23,10007.84,16500.61,10.58,0.11%
2017/05/22,9997.26,16483.15,49.64,0.50%
2017/05/19,9947.62,16401.31,-21.83,-0.22%
2017/05/18,9969.45,16437.31,-44.22,-0.44%
2017/05/17,10013.67,16510.22,-17.82,-0.18%
2017/05/16,10031.49,16539.59,-5.33,-0.05%
2017/05/15,10036.82,16547.87,50,0.50%
2017/05/12,9986.82,16465.43,-14.66,-0.15%
2017/05/11,10001.48,16489.59,33.16,0.33%
2017/05/10,9968.32,16434.92,52.84,0.53%
2017/05/09,9915.48,16347.63,-21.77,-0.22%
2017/05/08,9937.25,16383.52,37.31,0.38%
2017/05/05,9899.94,16322.01,-67.7,-0.68%
2017/05/04,9967.64,16433.62,12.31,0.12%
2017/05/03,9955.33,16413.33,14.06,0.14%
2017/05/02,9941.27,16390.15,69.27,0.70%
2017/04/28,9872,16275.94,11.38,0.12%
2017/04/27,9860.62,16257.17,4.17,0.04%
2017/04/26,9856.45,16250.31,14.74,0.15%
2017/04/25,9841.71,16225.99,123.76,1.27%
2017/04/24,9717.95,16021.95,0.54,0.01%
2017/04/21,9717.41,16021.06,84.72,0.88%
2017/04/20,9632.69,15881.39,-7.25,-0.08%
2017/04/19,9639.94,15893.35,-106.62,-1.09%
2017/04/18,9746.56,16069.13,30.16,0.31%
2017/04/17,9716.4,16019.4,-16.53,-0.17%
2017/04/14,9732.93,16046.66,-103.75,-1.05%
2017/04/13,9836.68,16217.7,19,0.19%
2017/04/12,9817.68,16186.38,-14.74,-0.15%
2017/04/11,9832.42,16210.69,-50.12,-0.51%
2017/04/10,9882.54,16293.32,9.17,0.09%
2017/04/07,9873.37,16278.2,-24.43,-0.25%
2017/04/06,9897.8,16318.47,-51.68,-0.52%
2017/04/05,9949.48,16403.68,137.96,1.41%
2017/03/31,9811.52,16176.23,-36.63,-0.37%
2017/03/30,9848.15,16236.62,-8.1,-0.08%
2017/03/29,9856.25,16249.97,-20.2,-0.20%
2017/03/28,9876.45,16283.28,-0.32,0.00%
2017/03/27,9876.77,16283.8,-26.21,-0.26%
2017/03/24,9902.98,16327.02,-27.76,-0.28%
2017/03/23,9930.74,16372.78,8.08,0.08%
2017/03/22,9922.66,16359.46,-49.83,-0.50%
2017/03/21,9972.49,16441.62,59.52,0.60%
2017/03/20,9912.97,16343.49,4.28,0.04%
2017/03/17,9908.69,16336.44,70.86,0.72%
2017/03/16,9837.83,16219.61,97.52,1.00%
2017/03/15,9740.31,16058.82,-3.9,-0.04%
2017/03/14,9744.21,16065.26,46.87,0.48%
2017/03/13,9697.34,15987.97,69.45,0.72%
2017/03/10,9627.89,15873.47,-30.72,-0.32%
2017/03/09,9658.61,15924.12,-94.84,-0.97%
2017/03/08,9753.45,16080.49,15.38,0.16%
2017/03/07,9738.07,16055.13,55.44,0.57%
2017/03/06,9682.63,15963.72,34.42,0.36%
2017/03/03,9648.21,15906.98,-43.59,-0.45%
2017/03/02,9691.8,15978.84,17.02,0.18%
2017/03/01,9674.78,15950.78,-75.69,-0.78%
2017/02/24,9750.47,16075.57,-18.84,-0.19%
2017/02/23,9769.31,16106.63,-9.47,-0.10%
2017/02/22,9778.78,16122.25,14.85,0.15%
2017/02/21,9763.93,16097.77,10.73,0.11%
2017/02/20,9753.2,16080.08,-26.72,-0.27%
2017/02/18,9779.92,16124.12,20.16,0.21%
2017/02/17,9759.76,16090.88,-11.49,-0.12%
2017/02/16,9771.25,16109.84,-28.51,-0.29%
2017/02/15,9799.76,16156.83,80.98,0.83%
2017/02/14,9718.78,16023.32,8.46,0.09%
2017/02/13,9710.32,16009.37,44.73,0.46%
2017/02/10,9665.59,15935.63,75.41,0.79%
2017/02/09,9590.18,15811.31,46.93,0.49%
2017/02/08,9543.25,15733.92,-11.31,-0.12%
2017/02/07,9554.56,15752.58,16.55,0.17%
2017/02/06,9538.01,15725.29,82.45,0.87%
2017/02/03,9455.56,15589.35,26.59,0.28%
2017/02/02,9428.97,15545.51,-18.98,-0.20%
2017/01/24,9447.95,15576.81,23.9,0.25%
2017/01/23,9424.05,15537.4,92.59,0.99%
2017/01/20,9331.46,15384.75,13.34,0.14%
2017/01/19,9318.12,15362.77,-23.85,-0.26%
2017/01/18,9341.97,15402.08,-12.56,-0.13%
2017/01/17,9354.53,15422.78,62.2,0.67%
2017/01/16,9292.33,15320.24,-86.5,-0.92%
2017/01/13,9378.83,15462.84,-31.35,-0.33%
2017/01/12,9410.18,15514.53,64.44,0.69%
2017/01/11,9345.74,15408.29,-3.9,-0.04%
2017/01/10,9349.64,15414.73,7.22,0.08%
2017/01/09,9342.42,15402.82,-29.8,-0.32%
2017/01/06,9372.22,15451.94,14.08,0.15%
2017/01/05,9358.14,15428.73,71.18,0.77%
2017/01/04,9286.96,15311.39,14.08,0.15%
2017/01/03,9272.88,15288.17,19.38,0.21%
2016/12/30,9253.5,15256.22,100.41,1.10%
2016/12/29,9153.09,15090.68,-48.31,-0.53%
2016/12/28,9201.4,15170.32,92.13,1.01%
2016/12/27,9109.27,15018.43,-1.27,-0.01%
2016/12/26,9110.54,15020.52,31.9,0.35%
2016/12/23,9078.64,14967.93,-40.11,-0.44%
2016/12/22,9118.75,15034.05,-85.51,-0.93%
2016/12/21,9204.26,15175.03,-38.15,-0.41%
2016/12/20,9242.41,15237.93,3.09,0.03%
2016/12/19,9239.32,15232.84,-87.46,-0.94%
2016/12/16,9326.78,15377.04,-33.57,-0.36%
2016/12/15,9360.35,15432.38,-8.17,-0.09%
2016/12/14,9368.52,15445.86,-13.62,-0.15%
2016/12/13,9382.14,15468.31,32.2,0.34%
2016/12/12,9349.94,15415.22,-42.74,-0.46%
2016/12/09,9392.68,15485.68,16.82,0.18%
2016/12/08,9375.86,15457.96,111.97,1.21%
2016/12/07,9263.89,15273.34,13.12,0.14%
2016/12/06,9250.77,15251.72,90.11,0.98%
2016/12/05,9160.66,15103.16,-28.83,-0.31%
2016/12/02,9189.49,15150.68,-74.04,-0.80%
2016/12/01,9263.53,15272.76,22.82,0.25%
2016/11/30,9240.71,15235.13,48.33,0.53%
2016/11/29,9192.38,15155.46,-29.86,-0.32%
2016/11/28,9222.24,15204.69,63.17,0.69%
2016/11/25,9159.07,15100.53,6.96,0.08%
2016/11/24,9152.11,15088.05,-26.12,-0.28%
2016/11/23,9178.23,15130.93,44.84,0.49%
2016/11/22,9133.39,15057,92.28,1.02%
2016/11/21,9041.11,14904.87,32.32,0.36%
2016/11/18,9008.79,14851.59,13.53,0.15%
2016/11/17,8995.26,14829.29,33.04,0.37%
2016/11/16,8962.22,14774.83,31.19,0.35%
2016/11/15,8931.03,14723.39,-9.37,-0.10%
2016/11/14,8940.4,14738.84,-17.36,-0.19%
2016/11/11,8957.76,14767.47,-194.42,-2.12%
2016/11/10,9152.18,15087.99,208.98,2.34%
2016/11/09,8943.2,14743.45,-274.23,-2.98%
2016/11/08,9217.43,15195.55,27.59,0.30%
2016/11/07,9189.84,15150.06,121.69,1.34%
2016/11/04,9068.15,14949.46,0.88,0.01%
2016/11/03,9067.27,14947.94,-71.77,-0.79%
2016/11/02,9139.04,15065.93,-133.66,-1.44%
2016/11/01,9272.7,15286.23,-17.42,-0.19%
2016/10/31,9290.12,15314.95,-16.8,-0.18%
2016/10/28,9306.92,15342.58,7.37,0.08%
2016/10/27,9299.55,15330.43,-62.7,-0.67%
2016/10/26,9362.25,15433.79,-23.4,-0.25%
2016/10/25,9385.65,15472.36,63.15,0.68%
2016/10/24,9322.5,15368.04,15.93,0.17%
2016/10/21,9306.57,15341.77,-10.67,-0.11%
2016/10/20,9317.24,15359.37,33.25,0.36%
2016/10/19,9283.99,15304.5,61.41,0.67%
2016/10/18,9222.58,15203.14,46.36,0.51%
2016/10/17,9176.22,15126.32,11.05,0.12%
2016/10/14,9165.17,15108.11,-54,-0.59%
2016/10/13,9219.17,15197.13,-33.43,-0.36%
2016/10/12,9252.6,15252.23,32.78,0.36%
2016/10/11,9219.82,15198.21,-45.99,-0.50%
2016/10/07,9265.81,15273.65,-18.5,-0.20%
2016/10/06,9284.31,15304.15,12.03,0.13%
2016/10/05,9272.28,15284.23,-15.49,-0.17%
2016/10/04,9287.77,15309.76,53.57,0.58%
2016/10/03,9234.2,15221.46,67.35,0.73%
2016/09/30,9166.85,15110.44,-104.05,-1.12%
2016/09/29,9270.9,15281.96,76.38,0.83%
2016/09/26,9194.52,15156.06,-90.1,-0.97%
2016/09/23,9284.62,15304.14,49.36,0.53%
2016/09/22,9235.26,15222.78,6.76,0.07%
2016/09/21,9228.5,15211.41,66.92,0.73%
2016/09/20,9161.58,15101.1,8.7,0.10%
2016/09/19,9152.88,15086.19,250.58,2.81%
2016/09/14,8902.3,14673.19,-38.53,-0.43%
2016/09/13,8940.83,14736.69,-6.23,-0.07%
2016/09/12,8947.06,14746.96,-106.63,-1.18%
2016/09/10,9053.69,14922.56,-111.19,-1.21%
2016/09/09,9164.88,15105.64,-98.01,-1.06%
2016/09/08,9262.89,15267.19,3.82,0.04%
2016/09/07,9259.07,15255.14,77.22,0.84%
2016/09/06,9181.85,15127.54,91.72,1.01%
2016/09/05,9090.13,14976.43,102.58,1.14%
2016/09/02,8987.55,14806.99,-13.6,-0.15%
2016/09/01,9001.15,14790.74,-67.7,-0.75%
2016/08/31,9068.85,14899.62,-41.71,-0.46%
2016/08/30,9110.56,14962.15,0.39,0.00%
2016/08/29,9110.17,14957.62,-21.55,-0.24%
2016/08/26,9131.72,14990.27,16.25,0.18%
2016/08/25,9115.47,14961.95,98.09,1.09%
2016/08/24,9017.38,14795.69,-13.55,-0.15%
2016/08/23,9030.93,14809.36,49.12,0.55%
2016/08/22,8981.81,14728.54,-52.46,-0.58%
2016/08/19,9034.27,14812.62,-88.23,-0.97%
2016/08/18,9122.5,14955.63,4.8,0.05%
2016/08/17,9117.7,14936.23,7.34,0.08%
2016/08/16,9110.36,14922.77,-38.15,-0.42%
2016/08/15,9148.51,14983.13,-1.88,-0.02%
2016/08/12,9150.39,14966.08,18.56,0.20%
2016/08/11,9131.83,14934.16,-68.59,-0.75%
2016/08/10,9200.42,15040.79,45.34,0.50%
2016/08/09,9155.08,14961.36,4.82,0.05%
2016/08/08,9150.26,14948.55,58.14,0.64%
2016/08/05,9092.12,14852.69,67.41,0.75%
2016/08/04,9024.71,14729.33,23,0.26%
2016/08/03,9001.71,14680.28,-67.05,-0.74%
2016/08/02,9068.76,14784.5,-11.95,-0.13%
2016/08/01,9080.71,14792.04,96.3,1.07%
2016/07/29,8984.41,14622.84,-92.23,-1.02%
2016/07/28,9076.64,14762.78,13.25,0.15%
2016/07/27,9063.39,14735.18,38.6,0.43%
2016/07/26,9024.79,14670.69,33.12,0.37%
2016/07/25,8991.67,14603.09,-21.47,-0.24%
2016/07/22,9013.14,14630.38,-43.42,-0.48%
2016/07/21,9056.56,14700.09,48.88,0.54%
2016/07/20,9007.68,14580.73,-27.19,-0.30%
2016/07/19,9034.87,14619.8,26.66,0.30%
2016/07/18,9008.21,14558.82,58.36,0.65%
2016/07/15,8949.85,14457.21,83.49,0.94%
2016/07/14,8866.36,14308.93,8.61,0.10%
2016/07/13,8857.75,14282.59,16.29,0.18%
2016/07/12,8841.46,14234.16,54.99,0.63%
2016/07/11,8786.47,14128.03,145.56,1.68%
2016/07/07,8640.91,13888.96,65.16,0.76%
2016/07/06,8575.75,13766.24,-140.32,-1.61%
2016/07/05,8716.07,13977.7,-44.51,-0.51%
2016/07/04,8760.58,14044.9,22.34,0.26%
2016/07/01,8738.24,13986.37,71.66,0.83%
2016/06/30,8666.58,13869.89,80.02,0.93%
2016/06/29,8586.56,13728.77,81.05,0.95%
2016/06/28,8505.51,13596.83,46.64,0.55%
2016/06/27,8458.87,13520.95,-18.12,-0.21%
2016/06/24,8476.99,13436.89,-199.69,-2.30%
2016/06/23,8676.68,13751.3,-39.57,-0.45%
2016/06/22,8716.25,13807.06,31.4,0.36%
2016/06/21,8684.85,13756.79,58.93,0.68%
2016/06/20,8625.92,13661.23,57.84,0.68%
2016/06/17,8568.08,13569.18,73.94,0.87%
2016/06/16,8494.14,13452.09,-112.23,-1.30%
2016/06/15,8606.37,13629.59,30.25,0.35%
2016/06/14,8576.12,13581.06,39.9,0.47%
2016/06/13,8536.22,13517.66,-179.26,-2.06%
2016/06/08,8715.48,13801.32,35.58,0.41%
2016/06/07,8679.9,13744.93,82.79,0.96%
2016/06/06,8597.11,13613.81,5.54,0.06%
2016/06/04,8591.57,13605.05,4.21,0.05%
